<?xml version="1.0" encoding="ISO-8859-1"?><!DOCTYPE LandingPage []>
<!-- ============= -->
<!-- = IMPORTANT = -->
<!-- ============= -->

<!--
	DO NOT REMOVE ANY NODES. LEAVE NODES EMPTY IF YOU DON"T USE THEM
	required fields are marked

	Use this as a guide for custom landing page XML
-->

<LandingPage>
	<Stylesheet>##root##/Assets/Common/Promotions/Purina/styles/style.css</Stylesheet>
	<ImagePath></ImagePath>
	<AdID>1287</AdID>
	<!-- REQUIRED --><CreativeID></CreativeID>
	<ButtonSelect>Add To List</ButtonSelect>
	<HeaderGraphic>##root##/Assets/Common/Promotions/Purina/images/purina_header.jpg</HeaderGraphic>
	<HeaderTitle></HeaderTitle>
	<HeaderText></HeaderText>
	<Logo></Logo>
	<Brand>Purina</Brand>
	<DepartmentID></DepartmentID>
	<Categories>
		<Category>
			<Name>Purina&#174; Puppy Chow&#174; brand Puppy Food Complete &#38; Balanced</Name>
			<Description></Description>
			<Image>##root##/Assets/Common/Promotions/Purina/images/purinaProd01.jpg</Image>
			<CategoryID>1</CategoryID>
			<Sort>1</Sort>
		</Category>
		<Category>
			<Name>Purina&#174; Puppy Chow&#174; brand Puppy Food Large Breed Formula</Name>
			<Description></Description>
			<Image>##root##/Assets/Common/Promotions/Purina/images/purinaProd02.jpg/Image>
			<CategoryID>2</CategoryID>
			<Sort>2</Sort>
		</Category>
		<Category>
			<Name>Purina&#174; Puppy Chow&#174; brand Puppy Food Healthy Morsels&#153; Soft &#38; Crunchy Bites</Name>
			<Description></Description>
			<Image>##root##/Assets/Common/Promotions/Purina/images/purinaProd03.jpg/Image>
			<CategoryID>3</CategoryID>
			<Sort>3</Sort>
		</Category>
		<Category>
			<Name></Name>
			<Description>Purina&#174; Dog Chow&#174; brand Dog Food Complete &#38; Balanced</Description>
			<Image>##root##/Assets/Common/Promotions/Purina/images/purinaProd04.jpg/Image>
			<CategoryID>4</CategoryID>
			<Sort>4</Sort>
		</Category>
		<Category>
			<Name>Purina&#174; Healthy Morsels&#153; brand Dog Food With Real Lamb &#38; Rice, Soft &#38; Crunchy Bites</Name>
			<Description></Description>
			<Image>##root##/Assets/Common/Promotions/Purina/images/purinaProd05.jpg/Image>
			<CategoryID>5</CategoryID>
			<Sort>5</Sort>
		</Category>
		<Category>
			<Name>Naturally Complete from Purina&#174; Dog Chow&#174; brand Dog Food</Name>
			<Description></Description>
			<Image>##root##/Assets/Common/Promotions/Purina/images/purinaProd06.jpg/Image>
			<CategoryID>6</CategoryID>
			<Sort>6</Sort>
		</Category>
		<Category>
			<Name>Purina&#174; Little Bites Dog Food</Name>
			<Description></Description>
			<Image>##root##/Assets/Common/Promotions/Purina/images/purinaProd07.jpg/Image>
			<CategoryID>7</CategoryID>
			<Sort>7</Sort>
		</Category>
		<Category>
			<Name>Purina&#174; Fit  &#38; Trim&#174; brand Adult Dog Food</Name>
			<Description></Description>
			<Image>##root##/Assets/Common/Promotions/Purina/images/purinaProd08.jpg/Image>
			<CategoryID>8</CategoryID>
			<Sort>8</Sort>
		</Category>
		<Category>
			<Name>Purina&#174; Active Senior 7&#43; brand Adult Dog Food</Name>
			<Description></Description>
			<Image>##root##/Assets/Common/Promotions/Purina/images/purinaProd09.jpg/Image>
			<CategoryID>9</CategoryID>
			<Sort>9</Sort>
		</Category>
	</Categories>
	<ProductList>
    	<Product>
			<CategoryID>1</CategoryID>
      		<Sort>1</Sort>
      		<Name>Purina&#174; Puppy Chow&#174; brand Puppy Food Complete &#38; Balanced</Name>
      		<UPC></UPC>
    	</Product>
		<Product>
			<CategoryID>2</CategoryID>
      		<Sort>1</Sort>
      		<Name>Purina&#174; Puppy Chow&#174; brand Puppy Food Large Breed Formula</Name>
      		<UPC></UPC>
    	</Product>
  </ProductList>
</LandingPage>


